zip1,zip2,distance
15001,15003,3.3
15001,15026,7.06
15001,15027,4.84
15001,15056,4.59
15001,15061,4.68
15003,15005,3.38
15003,15056,2.08
15005,15027,2.49
15005,15042,2.98
15007,15044,1.71
15007,15076,5.43
15007,16059,3.75
15009,15010,4.77
15009,15052,4.61
15009,15061,2.92
15009,15066,3.56
15009,15074,4.19
15010,15066,2.9
15010,15074,5.43
15010,16115,6.41
15012,15033,2.7
15012,15062,2.65
15012,15432,2.47
15014,15065,1.64
15014,15068,2.55
15014,15084,2.4
15015,15086,2.07
15015,15090,1.78
15015,16046,5.19
15017,15031,2.73
15017,15055,2.88
15017,15064,2.23
15017,15142,2.6
15017,15241,2.16
15018,15037,3.54
15018,15083,2.79
15018,15135,2.09
15018,15678,3.36
15019,15021,4.45
15019,15053,2.27
15019,15060,4.49
15019,15078,3.49
15021,15053,2.85
15021,15078,3.02
15021,15312,8.09
15022,15062,2.09
15022,15067,4.89
15022,15423,3.53
15022,15432,3.49
15024,15049,2.02
15024,15051,2.21
15024,15076,3.2
15025,15037,3.63
15025,15045,2.19
15025,15133,3.27
15025,15332,4.39
15026,15050,5.34
15026,15126,5.55
15027,15042,1.64
15027,15061,3.01
15030,15049,2.09
15030,15068,2.24
15030,15084,2.53
15030,15144,2.63
15031,15057,4.87
15031,15064,0.54
15031,15071,5.15
15031,15142,2.85
15031,15321,3.32
15033,15062,2.04
15033,15063,3.48
15034,15045,1.84
15034,15122,0.99
15034,15133,1.81
15035,15137,0.58
15035,15145,2.03
15035,15148,0.7
15037,15083,3.89
15037,15135,3.54
15042,15074,3.29
15043,15050,3.55
15043,15059,5.95
15043,15077,5.13
15044,15051,4.69
15044,15101,3.99
15044,16059,5.4
15045,15133,1.23
15049,15051,4.23
15049,15139,3.09
15049,15144,1.42
15050,15077,5.8
15051,15076,3.5
15052,15059,2.87
15052,15077,2.85
15053,15078,1.3
15053,15312,8.18
15055,15317,2.86
15055,15321,3.27
15056,15108,3.8
15056,15143,2.8
15057,15060,1.89
15057,15071,4.96
15057,15321,4.23
15059,15077,3.43
15060,15340,5.24
15061,15074,3.45
15062,15063,3.57
15063,15067,1.78
15064,15142,2.41
15064,15321,3.71
15065,15068,4.07
15065,15084,3.2
15066,15074,2.52
15066,16123,6.9
15067,15330,5.92
15067,15332,3.82
15068,15144,2.93
15071,15126,3.86
15076,15084,2.73
15078,15312,6.89
15083,15089,2.78
15085,15140,1.77
15085,15146,3.05
15085,15615,1.9
15085,15647,2.49
15086,15090,3.69
15086,16046,3.44
15086,16063,5.27
15089,15479,4.59
15089,15637,3.39
15089,15698,3.89
15090,15237,4.42
15101,15116,2.24
15101,15237,3.79
15102,15129,2.84
15102,15236,3.71
15102,15241,2.21
15102,15367,3.31
15104,15112,1.35
15104,15120,2.25
15104,15218,1.75
15104,15221,2.23
15106,15142,1.99
15106,15220,2.34
15106,15243,2.25
15108,15126,5.47
15108,15143,3.45
15108,15225,2.76
15110,15122,2.22
15110,15132,2.01
15110,15137,2.13
15112,15145,1.03
15112,15148,2.01
15116,15209,2.83
15116,15223,2.39
15116,15237,3.84
15120,15122,1.97
15120,15207,1.63
15129,15332,2.64
15129,15367,3.3
15131,15132,1.82
15131,15135,2.54
15131,15137,2.42
15132,15133,1.29
15132,15135,3.08
15136,15202,2.31
15136,15204,1.78
15136,15205,2.44
15137,15148,1.28
15139,15147,1.86
15139,15238,2.15
15140,15146,1.84
15140,15148,1.58
15143,15225,3.17
15145,15148,1.59
15145,15235,3.4
15146,15148,3.26
15146,15239,3.66
15146,15668,4.28
15147,15235,2.26
15147,15238,2.73
15201,15206,1.79
15201,15209,1.92
15201,15223,2.05
15201,15224,0.8
15201,15232,1.78
15202,15214,3.11
15202,15225,3.78
15202,15229,2.06
15203,15210,1.27
15203,15211,1.83
15203,15219,1.37
15203,15222,1.67
15204,15205,1.37
15204,15233,1.66
15205,15220,1.84
15206,15208,1.45
15206,15215,2.09
15206,15224,1.41
15206,15232,1.26
15207,15217,2.16
15207,15227,2.8
15208,15221,1.87
15208,15232,1.79
15209,15214,2.36
15209,15223,1.28
15210,15211,1.92
15210,15226,1.77
15210,15227,2.31
15211,15220,2.2
15211,15222,1.08
15212,15214,0.86
15212,15222,1.96
15212,15233,1.06
15213,15217,1.75
15213,15219,1.2
15213,15224,1.49
15213,15232,1.33
15214,15229,2.86
15214,15233,1.67
15215,15223,1.81
15215,15238,2.37
15216,15220,1.47
15216,15226,1.1
15216,15228,1.99
15216,15243,2.62
15217,15218,2.03
15217,15232,1.55
15218,15221,1.32
15219,15222,1.24
15221,15235,2.74
15224,15232,0.99
15226,15234,1.74
15227,15234,2.26
15227,15236,2.13
15228,15234,1.33
15228,15243,1.54
15229,15237,2.27
15234,15236,2.73
15235,15239,4.99
15239,15668,3.4
15241,15243,2.89
15241,15367,4.04
15301,15323,7.25
15301,15342,5.22
15301,15363,6.58
15310,15341,6.55
15310,15352,5.11
15310,15380,5.01
15311,15329,4.44
15311,15345,4.69
15311,15360,6.05
15312,15323,10.09
15312,15376,11.73
15313,15324,3.28
15313,15331,2.96
15313,15333,2.83
15313,15360,4.25
15313,15427,3.14
15314,15324,3.31
15314,15330,5.55
15314,15331,1.05
15314,15427,3.72
15317,15342,4.07
15317,15363,3.73
15320,15357,4.31
15320,15410,4.25
15320,15461,5.25
15321,15340,5.57
15322,15333,2.27
15322,15344,4.64
15322,15346,5.12
15322,15357,3.73
15322,15433,2.56
15323,15376,6.28
15324,15331,2.4
15324,15360,1.39
15327,15338,3.91
15327,15349,6.4
15327,15451,6.13
15327,15474,4.38
15329,15353,4.29
15329,15364,5.12
15330,15363,4.87
15331,15360,3.79
15331,15427,3.62
15333,15345,4.46
15333,15433,4.45
15337,15341,5.13
15337,15359,5.94
15337,15377,6.17
15337,15380,3.77
15338,15349,9.3
15338,15451,5.59
15338,15461,3.22
15338,15474,5.26
15340,15342,5.51
15341,15352,9.15
15341,15359,4.6
15341,15362,7.29
15342,15363,4.32
15344,15346,2.02
15344,15357,3.49
15345,15360,4.74
15346,15357,5.27
15346,15370,6.21
15349,15362,8.86
15352,15380,10.12
15353,15359,5.32
15353,15364,4.72
15353,15377,6.87
15357,15433,2.83
15357,15450,3.3
15359,15362,9.7
15359,15364,4.65
15359,15370,5.55
15364,15370,4.94
15376,15377,8.5
15377,15380,6.63
15401,15436,4.83
15401,15445,1.86
15401,15456,5.13
15401,15472,1.65
15410,15458,1.75
15410,15461,3.33
15411,15424,4.48
15411,15459,7.47
15411,15551,7.64
15412,15423,1.65
15412,15432,1.8
15412,15434,1.34
15412,15438,1.11
15412,15477,0.97
15412,15483,0.54
15413,15442,2.58
15413,15444,1.98
15413,15463,1.22
15413,15475,2.05
15417,15419,2.81
15417,15444,1.88
15417,15450,3.75
15419,15423,2.47
15419,15434,1.56
15419,15477,1.92
15423,15432,1.66
15423,15434,1.28
15423,15477,1.6
15424,15459,7.16
15424,15540,7.26
15424,15551,4.71
15425,15428,4.67
15425,15431,4.67
15425,15631,4.56
15428,15486,3.28
15428,15631,4.29
15428,15683,4.46
15431,15456,2.85
15431,15486,4.56
15432,15438,1.78
15433,15450,1.66
15434,15477,0.54
15436,15445,4.1
15436,15478,3.71
15437,15440,4.9
15437,15459,7.3
15437,15470,6.79
15438,15473,4.43
15438,15482,4.42
15438,15483,1.33
15440,15459,6.24
15440,15470,10.47
15442,15444,3.15
15442,15480,3.93
15442,15488,3.41
15444,15450,2.88
15444,15463,3.05
15445,15472,3
15446,15462,3.58
15446,15464,5.12
15446,15469,1.88
15446,15622,3.98
15450,15475,1.99
15451,15474,2.22
15451,15478,3.91
15456,15472,3.84
15458,15461,4.23
15458,15468,4.54
15459,15470,7.98
15461,15478,5.21
15462,15469,3.37
15462,15490,3.55
15462,15622,2.3
15462,15628,2.68
15462,15646,1.43
15462,15687,5.15
15463,15468,4.08
15463,15475,1.52
15464,15469,5.67
15464,15470,6.69
15468,15480,4.27
15468,15488,3.65
15469,15490,2.19
15473,15479,4.22
15473,15482,0.18
15477,15483,0.86
15479,15482,4.4
15480,15486,4.3
15480,15488,0.76
15490,15610,3.77
15490,15628,2.98
15501,15546,8.57
15501,15557,8.24
15501,15563,8.83
15521,15554,4.92
15521,16655,6.33
15521,16667,6.13
15522,15535,10.56
15522,15537,8.29
15522,15550,6.19
15522,15559,7.59
15530,15538,7.24
15530,15541,7.12
15530,15542,6.4
15531,15546,3.22
15531,15655,7.7
15531,15928,5.73
15531,15935,5.34
15533,15536,4.98
15533,15537,6.8
15533,17228,8.59
15534,15538,6.83
15534,15545,8.29
15534,15550,5.07
15535,15537,11.39
15535,17211,6.89
15536,17211,14.64
15536,17228,8.45
15536,17238,5.49
15536,17267,10.47
15537,16650,8.16
15538,15541,8.1
15538,15545,8.75
15540,15551,2.84
15540,15557,4.88
15541,15563,7.37
15541,15926,6.35
15542,15552,5.45
15542,15558,7.79
15542,15562,8.12
15545,15550,13.08
15546,15563,5.81
15546,15936,7.42
15550,15559,4.7
15551,15557,7.14
15552,15558,3.99
15552,15562,4.4
15554,15559,5.78
15554,16667,4.97
15558,15562,0.4
15563,15924,7.71
15563,15926,6.01
15563,15936,3.48
15601,15634,3.21
15601,15644,4.08
15601,15692,2.12
15610,15612,4.31
15610,15666,5.05
15611,15617,3.08
15611,15634,2.87
15611,15644,2.5
15611,15665,1.93
15611,15675,1.44
15612,15631,2.95
15612,15666,3.99
15612,15679,4.21
15612,15683,2.5
15612,15688,2.38
15613,15618,5.37
15613,15641,5.19
15613,15690,3.46
15615,15636,2.9
15615,15642,3.06
15615,15647,0.78
15616,15639,2.09
15616,15692,2.83
15616,15697,1.51
15617,15625,1.12
15617,15663,1.72
15618,15681,3.7
15618,15684,4.08
15618,15686,6.63
15618,15725,6.3
15620,15627,2.94
15620,15650,5.3
15620,15658,5.21
15620,15661,1.86
15620,15671,2.61
15622,15646,2.6
15625,15637,2.3
15625,15663,0.95
15625,15678,3.05
15625,15698,3.11
15626,15632,1.98
15626,15668,6.1
15626,15684,5.1
15627,15650,5.02
15627,15661,2.35
15627,15670,5.51
15627,15671,1.67
15628,15646,2.56
15628,15687,3.31
15631,15683,0.87
15632,15636,5.13
15632,15668,4.12
15634,15644,1.86
15634,15675,2.7
15636,15647,3.31
15636,15665,2.4
15637,15663,2.17
15637,15678,2.62
15637,15698,2.67
15639,15666,4.6
15639,15672,1.97
15639,15697,1.69
15641,15656,1.6
15641,15686,7.18
15641,15690,2.16
15642,15647,2.35
15642,15678,2.55
15644,15675,1.41
15646,15687,4.07
15650,15661,3.54
15655,15658,3.91
15655,15677,3.82
15656,15690,3.47
15656,16229,5.26
15658,15677,4.09
15661,15671,3.14
15663,15672,3.44
15663,15698,2.2
15665,15675,1.67
15666,15688,2.9
15670,15671,6.73
15670,15681,6.11
15672,15697,2.19
15677,15687,6.1
15679,15683,4.25
15679,15688,3.26
15681,15684,3.48
15681,15725,4.3
15686,15690,5.86
15686,15774,7.28
15692,15697,3.15
15701,15713,6.33
15701,15748,5.75
15701,15754,5.13
15701,15774,8.46
15711,15730,4.16
15711,15764,3.75
15711,15767,3.72
15711,15851,5.59
15713,15716,5.24
15713,15717,7.05
15713,15748,1.88
15713,15754,3.29
15714,15760,2.49
15714,15775,1.79
15714,16646,3.91
15714,16692,6.47
15716,15717,3.62
15716,15748,4.96
15716,15949,5.02
15717,15725,7.4
15717,15923,7.06
15717,15949,6.49
15720,15754,5.3
15720,15920,6.41
15720,15961,6.55
15721,15724,5.12
15721,15742,4.43
15721,15757,6.27
15721,16692,4.47
15722,15773,2.4
15722,15927,5.13
15722,16668,4.29
15724,15729,5.07
15724,15742,6.6
15724,16692,5.87
15728,15729,5.63
15728,15739,5.08
15728,15765,3.58
15728,15777,2.76
15729,15777,3.5
15730,15767,2.41
15730,15772,4.75
15732,15739,5.57
15732,15747,4.8
15732,15774,8.33
15732,16249,6.97
15739,15747,6.5
15739,15759,6.51
15739,15777,6.11
15742,15757,7.54
15742,15772,5.05
15744,15758,4.07
15744,15763,2.05
15744,15780,0.56
15747,16249,7.07
15747,16256,3.71
15748,15754,1.47
15753,15757,6.51
15753,16645,6.81
15753,16656,3.83
15758,15763,4.63
15758,15771,4.58
15758,15780,3.83
15759,15771,2.99
15759,15777,6.03
15760,15762,3.34
15760,15775,2.32
15762,15773,3.89
15762,15775,3.9
15762,15927,4.52
15763,15780,2.57
15763,16256,4.96
15764,15767,4.95
15764,15776,2.56
15765,15777,5.14
15765,15957,5.38
15767,15772,4.59
15770,15776,5.3
15770,15778,2.52
15770,15784,2.58
15770,16224,6.08
15770,16240,4.48
15771,15772,5.38
15773,15775,2.97
15773,16646,4.16
15773,16668,5.47
15775,16646,3.67
15776,15784,3.19
15776,15825,9.8
15778,15784,5.03
15778,16222,7.39
15778,16240,3.5
15784,15864,5.93
15801,15824,8.48
15801,15840,3.4
15801,15848,5.05
15801,15856,5.86
15801,15865,6.22
15821,15827,8.11
15821,15832,10.68
15821,15868,8.14
15823,15824,5.87
15823,15846,7.71
15823,15849,8.61
15824,15840,6.56
15825,15829,6.01
15825,15860,10.37
15825,15864,6.77
15827,15846,6.94
15827,15849,6.61
15827,15868,1.34
15828,15860,4.89
15828,16217,2.82
15828,16225,6.51
15828,16239,9.63
15829,15864,5.33
15829,16225,6.87
15832,15834,10.82
15832,15861,5.03
15834,15861,13.78
15834,16720,11.43
15840,15851,7.16
15840,15865,6.51
15845,15853,5
15845,15857,7.95
15845,15870,5.57
15846,15853,8.43
15846,15857,5.67
15848,15856,4.81
15848,15865,4
15849,15868,6.01
15851,15865,4.07
15853,15857,9.28
15856,16838,7.56
15860,16217,7.68
15861,16871,13.19
15861,17729,14.89
15861,17778,9.9
15870,16734,8.79
15870,16735,8.53
15901,15902,1.54
15901,15904,3.81
15901,15905,2
15901,15906,2.21
15901,15945,3.29
15902,15904,2.28
15902,15905,2.42
15904,15953,3.95
15904,15963,4.3
15905,15906,3.11
15905,15935,5.05
15906,15945,3.66
15906,15954,5.98
15909,15942,1.54
15909,15945,2.01
15909,15956,4.24
15920,15944,6.05
15920,15954,2.31
15920,15961,5.13
15923,15944,3.51
15923,15949,3.03
15924,15926,2.43
15924,15936,5.98
15926,15936,5.4
15927,15931,5.02
15927,15943,5.78
15927,15960,4.58
15928,15935,1.04
15928,15936,5.35
15928,15953,2.44
15928,15963,5.6
15931,15940,5.5
15931,15943,5.88
15935,15953,3.2
15938,15946,3.75
15938,16630,3.2
15938,16641,5.66
15940,16613,5.71
15940,16630,4.11
15940,16641,4.19
15942,15945,2.26
15942,15956,2.69
15943,15960,3.51
15943,15961,5.76
15944,15949,2.78
15944,15954,4.31
15946,15955,5.41
15946,15958,4.44
15951,15952,3.21
15951,15955,1.99
15951,15956,1.86
15951,15958,3.9
15952,15955,2.02
15952,15956,4.9
15953,15963,3.2
15955,15956,3.2
15955,15958,4.11
15956,15958,2.49
15957,15960,4.13
15957,15961,5
15960,15961,4.63
16001,16034,8.66
16001,16045,1.09
16001,16053,5.29
16020,16030,5.82
16020,16038,5.39
16020,16040,4.37
16020,16057,8.61
16020,16061,7.52
16020,16372,6.49
16022,16041,3.85
16022,16049,3.67
16022,16050,2.36
16023,16034,5.52
16023,16055,4.75
16023,16056,4.52
16025,16028,6.36
16025,16034,6.25
16025,16041,4.2
16028,16041,4.87
16028,16218,4
16030,16040,2.63
16030,16372,5.98
16030,16373,5.39
16033,16037,6.29
16033,16046,5.68
16033,16053,4.74
16033,16063,4.98
16034,16262,5.35
16036,16049,4.49
16036,16213,5.37
16036,16373,5.68
16037,16051,7.07
16037,16052,5.29
16037,16123,4.43
16038,16057,8.85
16038,16127,5.43
16038,16372,6.09
16040,16050,4.71
16040,16061,7.34
16041,16050,4.08
16045,16052,8.39
16045,16053,4.25
16046,16063,5.3
16049,16050,5.8
16050,16061,6.13
16051,16052,6.26
16051,16117,8.15
16052,16053,8.09
16055,16056,5.08
16055,16229,4.22
16056,16059,5.19
16057,16127,8.19
16101,16102,3.66
16101,16105,2.94
16101,16116,7.43
16101,16156,8.27
16102,16105,5.19
16102,16112,5.39
16102,16116,5.6
16105,16116,6.31
16105,16142,7.28
16105,16143,7.8
16105,16156,6.59
16110,16111,5.02
16110,16125,7.41
16110,16131,3.06
16110,16134,4.13
16111,16131,5.06
16111,16316,6.02
16112,16116,3.93
16112,16120,7.34
16114,16124,6.46
16114,16130,3.49
16114,16153,4.93
16115,16120,5.2
16115,16141,5.25
16116,16143,4.61
16117,16123,4.76
16117,16141,6.23
16117,16157,3.72
16120,16141,3.66
16120,16157,6.4
16121,16146,1.44
16121,16148,2.61
16121,16150,4.19
16121,16159,3.34
16124,16125,7.73
16124,16137,6.59
16125,16134,8.35
16125,16154,5.57
16127,16133,8.31
16130,16153,6.8
16130,16311,7.67
16130,16314,7.83
16131,16134,4.97
16131,16316,6.01
16131,16424,8.13
16133,16137,7.52
16133,16145,4.9
16133,16153,4.41
16137,16142,8.04
16141,16157,3.33
16142,16156,5.18
16142,16159,7.11
16143,16159,5.57
16145,16153,2.51
16145,16342,6.12
16146,16148,2.4
16146,16150,3.04
16146,16159,4.65
16148,16150,2.5
16148,16154,6.57
16148,16159,4.04
16150,16154,4.58
16201,16210,6.17
16201,16226,5.32
16201,16236,3.36
16201,16238,2.09
16210,16218,4.71
16210,16259,3.94
16212,16226,3.69
16212,16229,5.58
16212,16236,2.77
16212,16238,3.78
16212,16262,6.35
16213,16232,6.65
16213,16248,6.85
16213,16255,4.17
16214,16234,6.79
16214,16254,3.79
16214,16258,3.77
16217,16225,5.58
16217,16239,9.22
16217,16260,4.88
16218,16262,6.53
16222,16249,6.12
16222,16256,6.15
16224,16234,6.34
16224,16240,3.71
16224,16242,4.87
16225,16258,5.85
16226,16236,2.34
16226,16238,3.34
16232,16254,4.75
16232,16255,7.9
16232,16331,5.77
16233,16235,5.35
16233,16260,1.64
16233,16332,3.68
16234,16258,4.31
16235,16254,5.39
16235,16326,4.55
16235,16332,4.6
16235,16334,3.78
16236,16238,1.27
16239,16260,9.43
16240,16242,4.78
16242,16259,6.46
16248,16255,5.38
16248,16259,7.44
16260,16332,5.02
16301,16319,6.69
16301,16323,7.45
16301,16346,4.05
16311,16314,3.3
16311,16317,7.57
16311,16362,4.14
16313,16329,9.78
16313,16347,7.36
16313,16365,8.08
16314,16327,8.96
16314,16335,9.14
16314,16362,6.67
16316,16335,8.31
16316,16406,8.93
16316,16424,6.84
16317,16323,6.84
16317,16362,3.57
16319,16323,7.44
16319,16346,3.41
16319,16374,3.77
16321,16341,9.53
16321,16351,9.26
16321,16353,4.09
16323,16342,6.26
16326,16332,2.22
16326,16334,3.57
16326,16353,9.96
16326,16364,4.74
16327,16335,9.15
16327,16360,6.08
16329,16340,6.87
16329,16345,10.84
16329,16350,7.39
16329,16365,7.38
16329,16371,1.81
16331,16346,7.38
16331,16364,7.34
16332,16353,9.17
16332,16364,6.91
16333,16347,6.01
16333,16734,10.09
16333,16735,7.98
16334,16364,4.61
16335,16433,6.41
16340,16351,9.51
16340,16371,5.32
16340,16402,9.46
16340,16420,7.88
16340,16436,7.54
16341,16353,11.66
16341,16354,7.01
16342,16362,8.4
16345,16350,9.84
16345,16365,7.01
16346,16374,7.01
16347,16365,11.44
16350,16371,6.48
16350,16402,7.49
16351,16420,10.09
16354,16360,10.39
16354,16404,8.03
16360,16404,5.2
16373,16374,5.67
16401,16410,4.02
16401,16435,5.14
16401,16443,6.22
16402,16405,6.14
16403,16412,7.87
16403,16433,7.75
16403,16440,5.01
16404,16434,7.23
16405,16407,4.43
16405,16436,6.32
16406,16424,7.07
16406,16435,4.82
16407,16434,9.02
16407,16436,7.02
16407,16438,9.9
16410,16417,5.09
16410,16423,7.36
16410,16435,8.01
16411,16417,5.82
16411,16423,5.48
16411,16443,2.88
16412,16426,8.54
16412,16440,5.8
16415,16417,5.35
16415,16423,5.28
16415,16426,5.53
16415,16506,5.2
16417,16423,2.38
16417,16443,8.13
16420,16434,7.24
16420,16436,5.18
16421,16428,5.79
16421,16510,4.85
16421,16511,4.16
16426,16441,8.04
16426,16506,5.16
16426,16565,5.38
16428,16510,10.23
16428,16511,9.95
16433,16440,4.65
16434,16436,7.16
16438,16441,9.15
16438,16442,10.04
16441,16442,10
16441,16509,8.72
16441,16565,9.09
16442,16510,10.38
16501,16502,1.05
16501,16503,1.13
16501,16504,2.03
16501,16507,0.38
16501,16508,1.99
16502,16505,3.47
16502,16507,1.38
16502,16508,1.1
16503,16504,1.24
16503,16507,1.2
16503,16510,3.09
16503,16511,3.09
16504,16507,2.27
16504,16509,2.49
16504,16510,2.63
16504,16511,3.54
16505,16506,1.77
16505,16508,3.5
16506,16508,3.25
16506,16565,2.5
16508,16509,2
16508,16565,2.02
16509,16565,1.78
16510,16511,2.29
16601,16602,1.45
16601,16617,6.85
16601,16635,6.72
16601,16648,6.06
16602,16617,7.37
16602,16635,6
16602,16648,4.73
16611,16652,6.28
16611,16669,6.77
16611,16683,5.19
16613,16636,3.99
16613,16641,4.52
16616,16627,1.51
16616,16639,6.33
16616,16640,4.13
16616,16645,2.82
16616,16656,4.07
16617,16686,6.4
16620,16651,0.74
16620,16661,3.99
16620,16666,4.63
16620,16671,3.56
16621,16634,2.58
16621,16674,2.21
16621,16678,5.81
16621,16679,4.8
16621,16685,4.4
16622,16623,0.37
16622,16685,4.93
16622,17052,6.91
16623,16685,4.59
16623,17052,7.28
16625,16637,1.69
16625,16655,7
16625,16673,4.57
16627,16640,4.38
16627,16645,3.8
16627,16656,3.78
16630,16641,2.46
16634,16674,4.73
16634,16678,3.35
16634,16679,4.5
16635,16637,6.79
16635,16648,3.76
16636,16639,5.41
16636,16668,5.74
16637,16673,2.88
16639,16640,2.2
16645,16656,3.16
16646,16668,4.62
16647,16652,8.98
16647,16657,4.98
16647,16693,5.41
16648,16693,7.52
16650,16659,5.45
16650,16679,6
16650,16695,7.41
16651,16661,3.44
16651,16666,5.34
16651,16671,2.82
16651,16680,4.76
16652,16669,6.96
16652,17060,5.96
16655,16664,5.27
16655,16667,5.07
16657,16685,8.26
16657,16693,5.9
16659,16664,2.72
16659,16695,3.2
16661,16671,2.28
16661,16680,4.35
16661,16861,5.33
16662,16673,4.25
16662,16678,6.41
16662,16695,5.74
16664,16667,5.27
16664,16695,3.38
16666,16866,3.11
16669,16683,7.33
16671,16680,2.32
16674,16679,5.43
16674,16691,5.57
16674,17264,6.21
16678,16679,4.92
16679,16691,5.4
16683,16686,6.2
16683,16877,8.81
16686,16877,10.21
16689,16691,5.23
16689,17223,4.04
16689,17228,7.02
16689,17229,2.69
16701,16727,4.85
16701,16732,7.4
16701,16744,6.76
16720,16746,10.47
16720,16915,11.41
16724,16743,8.66
16724,16749,7.86
16724,16750,12.04
16726,16732,2.54
16726,16738,5.86
16726,16740,8.08
16726,16749,5.24
16727,16729,3.83
16727,16744,4.39
16729,16731,5.34
16729,16744,3.64
16729,16745,2.18
16731,16745,3.74
16731,16748,10.18
16731,16750,5.33
16732,16738,5.64
16732,16744,4.36
16732,16749,7.14
16734,16735,5.47
16735,16740,9.01
16738,16740,6.91
16743,16746,7.14
16743,16748,10.72
16743,16750,5.36
16744,16745,4.23
16745,16750,7.42
16746,16915,7.74
16748,16750,8.77
16801,16803,2.36
16801,16827,3.77
16801,16844,8.05
16801,16865,6.93
16803,16827,6.1
16803,16844,6.15
16803,16865,6.39
16820,16854,3.53
16820,16872,5.46
16820,16882,3.16
16821,16839,4.51
16821,16840,2.34
16821,16858,2.17
16821,16860,1.38
16821,16879,2.86
16821,16881,6.27
16822,16841,6.27
16822,16864,1.93
16822,17745,8.38
16822,17751,5.28
16823,16827,9.03
16823,16828,7.46
16823,16841,9.1
16823,16844,8.91
16827,16828,6.48
16828,16875,5.69
16829,16845,8.98
16829,16859,4.4
16829,16871,10.35
16829,16874,1.81
16830,16833,5.79
16830,16837,5.95
16830,16881,6.4
16832,16852,4.53
16832,16854,2.93
16832,16875,4.33
16833,16837,3.32
16833,16838,3.69
16833,16863,4.4
16836,16845,7.68
16836,16858,7.16
16836,16881,7.91
16837,16838,6.93
16837,16861,3.79
16837,16863,2.59
16838,16863,7.22
16839,16859,6.73
16839,16860,3.62
16839,16879,2.42
16840,16858,4.22
16840,16860,2.27
16840,16866,3.8
16840,16878,5.2
16840,16879,3.51
16841,16864,4.6
16845,16859,6.83
16845,16871,5.76
16845,16874,8.78
16852,16854,3.45
16852,16872,4.9
16852,16875,6.66
16854,16872,4.68
16854,16882,5.44
16858,16860,3.46
16858,16878,5.34
16858,16881,4.51
16859,16874,2.98
16860,16866,5.81
16860,16879,1.56
16861,16863,1.43
16864,17751,7.16
16865,16870,8.27
16865,16877,6.52
16866,16870,9.36
16870,16877,4.17
16871,17778,8.06
16872,16882,4.22
16872,17747,6.73
16878,16881,4.2
16882,17747,8.19
16882,17835,7.47
16901,16912,12.66
16901,16917,10.27
16901,16935,10.67
16901,16938,13.14
16912,16917,5.03
16912,16930,7.48
16912,16939,2.68
16914,16925,7.72
16914,16947,4.84
16914,18817,9.13
16915,16923,12.56
16917,16932,8.05
16917,16933,5.39
16917,16939,6.2
16920,16928,6.58
16920,16935,6.66
16920,16940,3.72
16920,16942,2.09
16921,16922,4.77
16921,16943,7.7
16921,16948,10.1
16922,16943,11.01
16922,16948,8.99
16923,16927,9.6
16923,16937,6.16
16923,16941,6.04
16925,16936,10.45
16925,18817,10.23
16926,16947,6.13
16926,17724,7.65
16926,17768,10
16927,16937,5.03
16927,16941,4.95
16927,16948,7.29
16927,16950,8.32
16928,16942,4.54
16928,16943,8.85
16928,16950,5.64
16929,16936,7.21
16929,16940,6.59
16929,16946,4.73
16930,16938,9
16930,16939,8.8
16930,17763,9.36
16932,16933,5.54
16932,16939,8.65
16933,16946,7.74
16935,16940,7.08
16935,16942,6.73
16936,16946,9.13
16937,16941,5.52
16937,16948,4.66
16938,17723,14.49
16938,17727,10.72
16939,17724,8.85
16939,17765,8.42
16940,16942,5.77
16940,16946,6.98
16943,16950,4.34
16947,17724,9.69
17002,17004,7.22
17002,17051,5.98
17002,17060,7.1
17003,17038,6.6
17003,17042,6.29
17003,17078,3.85
17004,17029,7.42
17004,17051,6.76
17005,17017,4.81
17005,17023,3.48
17005,17030,4.87
17006,17021,7.62
17006,17035,7.79
17006,17047,5.73
17006,17071,3.93
17007,17013,5.87
17007,17019,5.62
17007,17065,4.18
17009,17029,6.65
17009,17044,2.62
17009,17063,5.82
17009,17084,3.58
17009,17099,0.61
17011,17043,1.77
17011,17055,3.89
17011,17101,2.92
17011,17102,3.12
17013,17065,5.92
17013,17090,8.76
17014,17045,7.63
17014,17086,2.33
17014,17094,6.97
17014,17853,6.1
17017,17830,5.11
17017,17864,3.84
17018,17020,6.47
17018,17025,6.43
17018,17032,6.57
17018,17053,4.12
17018,17110,6.05
17019,17365,5.5
17019,17372,7.18
17020,17053,6.44
17020,17068,7.74
17021,17035,6.66
17021,17071,5.1
17022,17502,4.91
17022,17547,6.46
17022,17552,6.03
17023,17032,6.26
17023,17061,4.99
17024,17031,2.76
17024,17037,6.25
17024,17040,3.29
17024,17068,5.62
17024,17090,5.22
17025,17053,3.33
17025,17055,6.13
17025,17102,3.05
17025,17110,3.09
17026,17038,4.2
17026,17042,8.04
17026,17067,7.79
17028,17036,6.03
17028,17078,5.99
17028,17112,6.56
17029,17035,8.31
17029,17044,4.07
17029,17051,6.28
17030,17048,1.47
17030,17097,3
17030,17978,4.67
17031,17037,4.25
17031,17040,2.93
17031,17047,4.97
17032,17061,6.02
17033,17036,3.05
17033,17057,5.84
17033,17078,4.32
17034,17057,2.76
17034,17113,2.84
17034,17319,3.82
17036,17057,5.27
17036,17111,4.53
17037,17047,6.02
17037,17082,7.02
17038,17042,8.04
17040,17047,5.48
17040,17090,7.28
17042,17067,6.58
17043,17055,5.66
17043,17070,2.68
17043,17101,1.26
17043,17102,1.8
17044,17099,3.06
17045,17061,4.24
17045,17062,6.59
17048,17097,1.61
17048,17098,4.52
17049,17076,3.81
17049,17094,4.76
17049,17812,7.46
17049,17841,7.04
17052,17060,4.75
17052,17066,5.09
17052,17260,6.76
17053,17110,5.04
17057,17319,4.99
17058,17059,1.94
17058,17076,5.78
17058,17082,4.26
17059,17076,4.16
17059,17082,5.16
17060,17066,4.85
17062,17074,5.05
17062,17094,4.93
17063,17084,4.39
17063,17099,5.34
17065,17324,5.22
17066,17260,5.07
17067,17073,5.66
17067,17087,2.57
17067,19507,7.34
17067,19567,6.1
17068,17074,4.61
17068,17090,6.21
17070,17104,3.12
17070,17113,2.54
17070,17339,4.75
17071,17217,7.71
17073,17087,4.49
17073,19551,6.15
17073,19567,4.53
17074,17094,7.78
17076,17094,6.08
17076,17841,6.53
17084,17099,2.98
17086,17812,7.25
17086,17813,6.61
17086,17853,6.18
17087,19507,6.94
17087,19567,3.54
17097,17098,4.64
17098,17968,3.79
17098,17978,3.7
17098,17980,3.79
17101,17102,0.86
17101,17103,1.31
17101,17104,1.25
17101,17110,2.85
17102,17103,1.43
17102,17104,1.89
17102,17110,2.1
17103,17104,1
17103,17109,2.48
17103,17110,2.33
17104,17109,2.91
17104,17111,3.48
17104,17113,2.44
17109,17111,2.3
17109,17112,3.45
17110,17112,5.46
17111,17112,4.77
17111,17113,2.83
17201,17222,6.94
17201,17237,8.3
17201,17246,7.97
17201,17252,7.05
17211,17267,10.89
17212,17224,7.52
17212,17228,7.07
17212,17233,3.94
17212,17236,7.38
17212,17238,7.09
17213,17217,3.55
17213,17219,5.1
17213,17220,5.53
17214,17237,9.09
17214,17268,5.76
17214,17320,5.52
17215,17221,4.27
17215,17223,4.16
17215,17239,4.85
17217,17219,2.17
17217,17220,5.88
17219,17220,5.07
17219,17262,5.65
17220,17255,5.46
17220,17262,2.32
17220,17271,4.55
17221,17246,6.57
17221,17265,4.55
17221,17271,3.16
17222,17237,4.63
17222,17353,8.16
17223,17229,2.18
17224,17233,4.91
17224,17236,9.35
17224,17252,6.07
17225,17236,8.89
17225,17252,10.09
17225,17268,9.62
17228,17229,5.95
17228,17233,5.44
17232,17240,3.62
17232,17244,3.76
17232,17262,5.72
17237,17268,5.45
17238,17267,7.59
17239,17255,2.53
17239,17271,3.6
17240,17241,8.96
17240,17244,5.67
17240,17257,6.19
17240,17266,8.96
17241,17257,10.88
17241,17266,6.87
17243,17255,4.99
17243,17260,5.72
17243,17264,5.98
17244,17246,4
17244,17257,6.53
17244,17265,5.23
17246,17252,9.33
17246,17265,2.11
17255,17264,6.69
17257,17266,6.31
17262,17271,3.74
17265,17271,4.99
17301,17316,5.33
17301,17331,6.51
17301,17344,5.86
17301,17350,3.84
17301,17362,6.49
17302,17309,6.3
17302,17314,5.66
17302,17321,5.24
17302,17352,6.9
17302,17532,6.06
17304,17307,4.6
17304,17324,5.06
17304,17372,6.84
17307,17325,7.51
17307,17353,5.86
17309,17322,6.47
17309,17366,4.67
17313,17322,5.19
17313,17356,1.95
17313,17360,5.83
17313,17366,4.81
17313,17407,3.95
17314,17321,5.05
17314,17518,7.94
17315,17364,5.14
17315,17365,5.81
17315,17404,5.5
17316,17350,6.73
17316,17365,7.12
17316,17372,6.04
17319,17339,3.64
17319,17370,2.68
17320,17325,9.49
17320,17353,8.17
17321,17352,3.5
17322,17356,4.66
17322,17363,4.42
17324,17372,4.92
17325,17340,8.62
17325,17350,8.94
17327,17329,6.24
17327,17349,4.32
17327,17360,5.15
17327,17361,4.13
17329,17331,6.75
17329,17362,6.77
17331,17340,7.04
17331,17344,1.93
17339,17370,5.35
17340,17344,5.92
17344,17350,5.66
17345,17347,1.94
17345,17370,4.22
17345,17502,4.19
17347,17370,5.39
17347,17502,2.88
17349,17361,1.32
17349,17363,5.05
17352,17363,5
17356,17366,2.96
17360,17407,2.11
17361,17363,4.21
17362,17364,5.35
17364,17404,6.28
17368,17406,3.47
17368,17512,3.64
17368,17582,4.62
17401,17402,2.82
17401,17403,1.22
17401,17404,2.23
17402,17403,2.54
17402,17404,5.04
17402,17406,4.71
17403,17404,3.08
17403,17407,4.78
17406,17547,4.94
17501,17522,1.77
17501,17540,4.24
17501,17543,4.97
17501,17578,4.85
17505,17540,2.82
17505,17572,2.6
17505,17576,2.23
17509,17527,4.82
17509,17535,4.97
17509,19310,3.02
17512,17547,4.55
17512,17552,4.81
17512,17554,3.1
17512,17582,4.28
17516,17551,4
17516,17565,3.07
17516,17584,4.73
17517,17522,5.12
17517,17569,2.8
17517,17578,2.57
17517,19501,3.25
17518,17532,3.38
17518,17560,5.06
17518,17563,5.87
17519,17555,2.92
17519,17557,3.86
17519,17581,1.8
17520,17538,3.48
17520,17543,5.07
17520,17545,5.91
17520,17601,2.41
17520,17603,4.96
17522,17578,3.19
17527,17535,2.73
17527,19310,4.14
17527,19365,4.56
17529,17535,3.84
17529,17557,4.78
17529,17562,3.46
17529,17572,3.1
17532,17560,5.17
17532,17565,3.13
17535,17562,3.4
17536,17563,5.93
17536,17566,5.55
17536,19362,6.41
17538,17545,5.66
17538,17552,5.05
17538,17554,3.21
17540,17576,4.12
17543,17545,6.22
17543,17601,6.12
17547,17552,4.1
17551,17582,4.48
17551,17603,2.59
17554,17582,3.83
17555,17581,4.6
17555,19344,5.62
17555,19543,4.51
17557,17581,4.29
17560,17566,4.25
17560,17579,4.66
17560,17584,4.78
17562,17572,3.93
17562,17579,4.19
17563,19362,7.83
17565,17584,4.87
17566,17579,5.57
17569,17578,4.69
17569,19501,2.95
17569,19565,4.22
17572,17576,3.16
17572,17579,3.63
17576,17602,3.43
17584,17602,4.62
17601,17602,3.44
17601,17603,3.16
17602,17603,2.5
17701,17728,5.32
17701,17744,6.86
17701,17754,6.24
17723,17727,8.27
17723,17776,7.13
17724,17765,7.27
17724,17768,9.04
17727,17776,14.57
17728,17744,6.39
17728,17771,7.39
17729,17764,10.25
17737,17742,6.68
17737,17754,9.83
17737,17756,3.87
17740,17744,5.67
17740,17776,9.78
17740,17779,4.68
17742,17758,10.49
17742,17774,3.73
17742,17846,8.22
17745,17751,4.38
17745,17779,6.65
17747,17751,9.41
17752,17754,6.12
17752,17756,6.72
17752,17777,5.54
17752,17810,5.85
17754,17756,8.11
17756,17772,7.11
17758,17774,9.58
17758,18619,9.33
17763,17765,4.59
17763,17771,6.84
17764,17778,10.51
17765,17771,11.38
17768,18616,7.7
17768,18619,7.68
17772,17777,5.8
17772,17847,8.29
17774,17814,9.33
17774,17846,8.11
17776,17779,8.6
17777,17810,6.42
17777,17856,4.16
17801,17857,3.47
17801,17870,5.25
17801,17877,5.52
17801,17889,5.5
17810,17856,6.2
17812,17813,3.69
17812,17841,8.4
17813,17842,6.55
17813,17845,7.23
17814,17859,8.65
17814,17878,5.17
17814,18622,7.6
17815,17820,6.46
17815,17859,6.9
17815,18631,7.65
17820,17824,7.09
17820,17888,7.74
17821,17824,8.72
17821,17868,2.11
17821,17877,7.79
17823,17830,4.93
17823,17867,3.28
17823,17881,5.12
17824,17860,4.28
17824,17866,5.2
17824,17872,5.08
17827,17842,5.81
17827,17843,3.32
17827,17853,5.68
17827,17864,5.03
17827,17870,5.44
17828,17866,3.91
17828,17872,3.21
17828,17964,3.2
17830,17867,3.46
17832,17834,0.91
17832,17851,2.46
17832,17866,1.73
17834,17851,2.87
17834,17866,1.41
17834,17872,4.54
17835,17844,8.1
17835,17845,2.3
17836,17881,5.44
17836,17941,3.19
17836,17968,5.22
17836,17978,5.31
17837,17844,8.06
17837,17847,4.87
17837,17850,3.09
17837,17856,5.81
17842,17843,4.1
17842,17855,6.52
17843,17855,4.85
17843,17870,5.39
17844,17845,8.03
17844,17855,4.42
17846,17859,7.47
17846,17878,8.05
17847,17850,2.88
17847,17856,4.13
17850,17857,5.86
17851,17888,1.79
17851,17927,3.48
17853,17864,5.08
17855,17889,6.01
17857,17889,4.33
17859,17878,3.5
17859,18603,7.52
17859,18631,7.09
17860,17868,7.35
17860,17877,2.9
17860,17881,4.72
17866,17872,3.4
17867,17941,5.64
17868,17877,5.67
17870,17889,4.73
17888,17921,3.74
17888,17927,1.86
17901,17923,6.45
17901,17929,3.94
17901,17954,2.61
17901,17965,2.6
17901,17970,2.65
17901,17972,4.3
17921,17927,2.89
17921,17935,3.26
17922,17929,3.88
17922,17961,4.18
17922,17972,3.02
17922,19549,5.73
17923,17954,4.15
17923,17963,6.72
17923,17981,4.32
17925,17959,4.34
17925,17960,6.27
17925,18214,3.54
17925,18252,4.67
17927,17935,4.02
17929,17972,1.32
17931,17935,2.93
17931,17967,5.06
17931,17970,4.81
17931,17976,2.77
17935,17967,5.14
17938,17957,3.69
17938,17964,3.71
17938,17981,4.78
17938,17983,4.06
17941,17968,2.98
17941,17978,2.49
17948,17976,3.35
17948,18214,4.1
17948,18220,4.17
17948,18248,5.23
17954,17970,4.12
17957,17980,4.74
17957,17981,3.75
17957,17983,4.54
17959,17965,3.25
17959,17970,4.13
17960,18211,6.36
17960,18252,5.91
17960,19529,7.61
17961,17972,4.58
17961,19549,5.19
17963,17981,5.59
17963,19507,6.57
17964,17983,4.32
17965,17970,2.02
17967,17976,3.16
17967,17985,5.62
17968,17978,1.16
17968,17983,3.62
17980,17983,4.15
17985,18246,3.99
17985,18248,5.92
17985,18631,6.76
18011,18056,3.37
18011,18062,4.09
18011,19539,3.58
18013,18072,3.89
18013,18343,5.41
18013,18354,7.2
18014,18064,4.69
18014,18067,5.62
18014,18091,6.05
18015,18017,3.74
18015,18018,2.01
18015,18055,3.15
18017,18018,2.44
18017,18042,6.85
18017,18055,5.12
18018,18032,4.44
18018,18055,4.75
18031,18051,2.79
18031,18087,2.78
18031,19539,4.05
18031,19562,4.2
18032,18037,3.28
18032,18052,1.48
18032,18067,3.18
18034,18036,2.89
18034,18049,4.09
18034,18103,4.02
18035,18038,3.76
18035,18080,3.64
18035,18088,1.74
18036,18951,5
18036,18955,4.27
18037,18052,2.86
18037,18067,1.94
18038,18071,4.79
18038,18088,3.01
18041,18070,1.99
18041,18073,1.74
18041,18076,2.72
18042,18064,5.96
18042,18077,7.54
18049,18062,3.44
18049,18092,4.08
18049,18106,4.09
18051,18066,6.15
18051,18069,3.81
18051,18087,3.91
18052,18067,3.63
18052,18102,2.95
18053,18066,4.2
18053,18078,5.18
18053,18080,5.26
18054,18073,3.76
18054,18074,4.38
18054,18076,3.03
18055,18077,5.59
18056,18070,2.72
18056,18092,3.3
18056,19503,3.34
18058,18322,4.03
18058,18330,4.79
18058,18331,2.41
18058,18333,1.64
18062,18087,2.58
18062,18106,2.27
18064,18091,4.98
18066,19529,5.93
18069,18078,4.18
18069,18104,4.23
18070,18073,3.71
18070,18092,2.9
18070,19504,4.1
18071,18080,5.37
18071,18088,4.25
18071,18235,5.56
18072,18091,3.8
18072,18343,8.95
18072,18354,5.42
18073,18076,1.06
18074,18076,4.25
18074,19435,1.9
18074,19492,2.5
18077,18930,3.28
18077,18972,5.52
18078,18080,4.06
18080,18088,3.25
18087,18106,1.94
18101,18102,0.47
18101,18103,0.99
18101,18104,2.7
18102,18103,1.41
18102,18104,2.35
18103,18104,3.16
18104,18106,3.61
18201,18216,3.35
18201,18222,4.38
18201,18224,6.15
18201,18237,4.54
18210,18333,6.63
18210,18610,5.71
18210,18624,6.05
18211,18232,6.39
18211,18250,5.76
18214,18220,1.93
18216,18237,3.4
18216,18245,5.51
18216,18255,5.88
18218,18232,1.58
18218,18245,4.21
18218,18250,2.16
18218,18252,3.68
18220,18245,4.58
18220,18248,4.83
18222,18224,4.64
18222,18249,5.32
18222,18660,6.39
18224,18255,6.19
18224,18661,7.33
18229,18235,3.27
18229,18240,4.43
18229,18255,6.83
18232,18240,3.75
18232,18250,0.81
18235,18240,6.55
18237,18245,3.44
18240,18250,3.49
18240,18255,5.43
18245,18252,3.55
18246,18248,5.45
18246,18249,5.3
18246,18635,5.95
18249,18660,4.94
18301,18324,10.48
18301,18327,3.91
18301,18352,6.35
18301,18360,5.17
18321,18352,1.6
18321,18360,2.87
18321,18372,2.86
18322,18330,3.31
18322,18331,1.87
18322,18333,5.54
18322,18353,2.08
18324,18328,8.63
18324,18371,4.17
18325,18326,5.08
18325,18426,6.91
18325,18445,6.43
18326,18332,4.98
18326,18344,5.16
18327,18343,6.01
18327,18360,5.15
18328,18337,6.41
18328,18371,5.02
18330,18331,4.15
18331,18333,4.04
18331,18353,3.01
18332,18355,2.61
18332,18370,3.56
18332,18372,3.22
18334,18346,3.08
18334,18350,2.97
18334,18610,4.67
18336,18337,9.19
18336,18340,3.1
18336,18458,11.07
18337,18340,6.13
18337,18371,11.29
18337,18458,6.84
18340,18458,8.54
18344,18346,3.38
18344,18355,3.48
18344,18370,2.33
18344,18466,4.74
18346,18350,3.25
18346,18466,5.61
18347,18350,4.25
18347,18610,4.97
18347,18624,6
18350,18610,4.96
18352,18354,4.31
18352,18360,1.54
18353,18354,4.29
18354,18360,4.73
18355,18370,1.43
18355,18372,2.05
18370,18372,3.39
18401,18421,6.23
18401,18431,7.37
18401,18453,6.39
18401,18456,4.83
18401,18472,5.39
18403,18433,2.64
18403,18434,1.75
18403,18452,2.02
18405,18431,7.23
18405,18435,7.17
18405,18443,3.48
18405,18469,5.05
18407,18421,5.02
18407,18433,3.96
18407,18472,5.29
18411,18414,3.57
18411,18419,6.83
18411,18508,4.05
18411,18519,4.56
18411,18615,7.91
18414,18419,4.06
18414,18519,6.73
18415,18417,5.98
18415,18443,6.43
18415,18469,4.69
18417,18437,7.87
18417,18469,9.89
18419,18446,4.49
18421,18470,4.78
18424,18444,6.93
18424,18460,6.6
18424,18466,7.18
18425,18435,5.64
18425,18458,5.07
18425,18464,6.57
18426,18445,3.51
18426,18451,4.31
18426,18463,5.87
18427,18436,4.77
18427,18438,5.05
18427,18451,6.57
18427,18463,4.61
18428,18435,6.6
18428,18438,5.07
18428,18451,6.94
18430,18453,5.87
18430,18465,5.04
18430,18470,4.46
18430,18842,5.31
18431,18456,3.51
18433,18452,4.25
18434,18436,7.48
18434,18447,1.71
18434,18452,1.27
18436,18463,7
18437,18439,4.62
18437,18455,3.09
18437,18461,4.04
18438,18451,3.24
18438,18464,9.01
18439,18453,5.91
18439,18455,3.46
18439,18462,6.09
18441,18446,7.06
18441,18470,5.21
18441,18842,6.12
18443,18469,3.72
18444,18463,7.03
18444,18512,7.48
18445,18460,3.18
18445,18463,3.9
18446,18824,3.82
18447,18452,1.16
18447,18519,1.24
18451,18464,6.72
18452,18519,2.24
18455,18461,5.1
18455,18462,3.75
18456,18472,4.5
18460,18463,4.93
18460,18466,6.07
18461,18462,6.98
18462,18465,5.88
18462,18847,8.11
18465,18825,4.4
18470,18842,4.46
18503,18504,1.15
18503,18505,1.25
18503,18508,2.03
18503,18510,0.82
18504,18505,1.81
18504,18508,2.17
18504,18510,1.97
18504,18517,2.18
18505,18510,1.45
18507,18517,2
18507,18518,1.28
18507,18641,2.55
18507,18642,2.45
18508,18509,1.15
18508,18512,2.23
18509,18510,1.33
18509,18512,1.22
18510,18512,1.81
18512,18519,2.49
18517,18518,1.85
18518,18642,1.87
18603,18631,3.88
18603,18635,2.76
18610,18624,5.16
18612,18615,8.88
18612,18618,4.47
18612,18636,5.87
18612,18708,4.46
18614,18628,8.98
18614,18632,3.19
18614,18833,5.56
18615,18657,7.28
18616,18619,7.4
18616,18833,9.68
18617,18621,4.97
18617,18622,6.63
18617,18634,3.94
18617,18655,4.81
18618,18636,4.07
18618,18656,5.86
18618,18708,5.61
18621,18622,6.48
18621,18634,5.52
18621,18655,6.31
18621,18656,4.82
18622,18655,2.29
18622,18656,8.01
18623,18629,7.69
18623,18630,6.82
18623,18828,6.82
18623,18846,7.42
18623,18853,7.27
18624,18661,7.4
18628,18632,6.02
18628,18656,11.55
18629,18630,7.18
18629,18657,8.41
18629,18846,8.66
18630,18657,7.22
18630,18844,7.82
18631,18635,5.17
18632,18833,8.75
18634,18651,4.5
18634,18706,4.54
18634,18707,5.48
18635,18660,6.03
18636,18656,8.95
18640,18641,2.45
18640,18642,2.57
18640,18643,2.03
18640,18644,3.4
18641,18642,1.49
18642,18643,2.97
18643,18644,2.31
18644,18709,3.19
18651,18701,3.32
18651,18702,3.46
18651,18706,3.11
18651,18708,3.91
18661,18707,9.47
18701,18702,0.58
18701,18704,2.05
18701,18705,2.6
18701,18706,3.17
18701,18709,2.76
18702,18704,2.63
18702,18706,2.76
18702,18707,7.57
18704,18705,2.36
18704,18709,0.71
18705,18709,2.71
18706,18707,5.05
18708,18709,4.16
18801,18812,9.22
18801,18826,7.2
18801,18834,8.68
18801,18844,8.69
18810,18817,8.87
18810,18831,4.26
18810,18840,2.96
18810,18850,7.47
18812,18818,5.7
18812,18822,7.97
18812,18830,9.32
18817,18831,4.91
18817,18840,9.7
18817,18850,6.84
18818,18830,6.32
18818,18851,8.91
18821,18822,2.83
18821,18834,7.71
18821,18847,7.78
18822,18834,7.27
18823,18826,5.46
18823,18834,6.29
18823,18842,4.1
18824,18826,5.03
18824,18844,6
18825,18834,5.55
18825,18847,5.9
18826,18844,7.09
18828,18839,2.47
18828,18845,4.26
18829,18837,6.42
18829,18839,8.06
18829,18845,4.96
18829,18851,6.68
18830,18851,4.76
18831,18840,6.08
18831,18850,4.49
18832,18833,7.64
18832,18848,4.82
18832,18854,8.35
18837,18851,7.53
18837,18854,6.99
18839,18845,6.23
18845,18853,7.22
18846,18853,6.78
18848,18850,5.45
18848,18854,4.37
18850,18854,6.7
18901,18923,1.68
18901,18925,3.86
18901,18934,3.88
18913,18933,1.2
18913,18934,3.24
18913,18938,4.82
18913,18947,3.37
18914,18915,2.98
18914,18923,4.61
18914,18932,2.13
18914,18936,2.81
18915,18932,1.31
18915,18936,2.2
18915,19440,1.66
18915,19446,2.79
18917,18923,3.61
18917,18927,3.89
18917,18944,3.19
18920,18942,5.28
18920,18947,5.87
18920,18972,3.27
18925,18929,3.09
18925,18934,3.4
18927,18944,2.02
18927,18960,2.7
18927,18964,3.57
18929,18974,3.46
18929,18976,2.18
18930,18942,5.73
18930,18955,7.07
18930,18972,4.56
18932,18936,2.81
18932,19440,2.33
18933,18934,4.39
18933,18938,5.17
18933,18947,3.04
18934,18938,4.24
18936,19454,2.66
18938,18977,6.9
18940,18954,3.74
18940,18966,5.07
18940,18977,4.49
18942,18947,3.46
18944,18960,3.02
18951,18955,2.62
18951,18960,5.71
18954,18966,1.83
18954,19053,4.63
18960,18964,3.4
18960,18969,3.35
18964,18969,1.69
18964,19438,4.79
18964,19440,2.72
18966,18974,4.6
18966,19053,2.94
18969,19438,4.22
18969,19440,4.11
18974,18976,3.62
18974,19040,2.13
18974,19044,3.47
18976,19044,4.49
18977,19067,6.37
19001,19025,2.04
19001,19038,1.88
19001,19046,2
19001,19090,1.34
19002,19025,2.85
19002,19034,1.93
19002,19477,2.14
19003,19010,2.29
19003,19041,0.97
19003,19083,1.85
19003,19096,1.1
19004,19066,1.04
19004,19072,1.39
19004,19127,1.2
19004,19128,2.05
19006,19090,3.49
19006,19115,2.88
19006,19116,2.25
19007,19021,2.3
19007,19055,2.97
19007,19057,2.36
19008,19064,3.41
19008,19073,2.6
19008,19083,2.63
19010,19035,2.91
19010,19041,1.32
19010,19085,1.41
19012,19111,1.21
19012,19117,1.61
19012,19120,2
19012,19126,1.76
19013,19014,3.26
19013,19015,1.29
19013,19022,2.36
19013,19061,4.05
19013,19094,2.35
19014,19015,2.37
19014,19061,2.24
19014,19342,4.58
19015,19061,3.84
19015,19063,3.6
19015,19086,1.73
19015,19094,2.35
19018,19026,1.78
19018,19036,1.32
19018,19043,1.68
19018,19064,1.85
19018,19070,1.75
19020,19021,2.37
19020,19053,3.69
19020,19154,2.58
19021,19057,3.99
19022,19033,1.55
19022,19078,1.08
19022,19094,0.7
19023,19050,1.45
19023,19079,0.93
19023,19142,1.76
19023,19153,1.39
19025,19034,2.12
19025,19044,2.79
19025,19090,2.18
19026,19064,2.1
19026,19082,1.96
19026,19083,1.98
19029,19074,1.4
19029,19076,1.51
19029,19113,0.98
19030,19047,3.33
19030,19054,1.58
19030,19055,1.98
19030,19056,2.26
19030,19057,2.23
19030,19067,3.01
19031,19034,2.25
19031,19075,1.37
19031,19118,1.85
19031,19444,2.82
19032,19036,1.19
19032,19074,0.83
19032,19079,1.11
19032,19113,1.8
19033,19070,1.15
19033,19078,0.91
19033,19081,1.05
19033,19094,1.31
19034,19075,1.93
19035,19072,2.24
19035,19428,2.6
19036,19043,0.81
19036,19074,1.23
19036,19079,1.32
19038,19075,1.7
19038,19095,1.58
19040,19044,2.16
19040,19090,2.32
19041,19083,2.23
19041,19085,2.74
19041,19096,2.02
19043,19070,0.9
19043,19074,1.09
19043,19076,1
19044,19090,2.81
19046,19095,2.08
19046,19117,1.79
19047,19056,2.34
19047,19057,3.58
19050,19082,1.39
19050,19142,1.96
19053,19116,3.05
19054,19055,1.55
19054,19057,2.64
19054,19067,3.03
19055,19057,1.32
19055,19067,4.47
19056,19057,1.26
19063,19081,3.42
19063,19086,2.7
19064,19070,1.69
19066,19072,1.11
19066,19096,1.37
19066,19131,1.73
19070,19081,1.41
19072,19096,1.5
19072,19127,1.98
19073,19312,4.35
19073,19333,4.15
19074,19076,0.58
19074,19113,1.91
19076,19078,0.87
19078,19094,1.32
19079,19153,1.33
19081,19086,1.47
19081,19094,1.43
19082,19151,1.51
19085,19087,3.36
19086,19094,1.56
19087,19312,2.61
19087,19333,1.39
19087,19406,2.96
19095,19117,1.5
19095,19150,1.36
19102,19103,0.45
19102,19106,1
19102,19107,0.35
19102,19146,1.03
19102,19147,1.02
19103,19104,1.6
19103,19107,0.8
19103,19130,1.13
19103,19146,0.96
19104,19130,1.62
19104,19139,1.47
19104,19143,1.73
19106,19107,0.64
19106,19147,0.91
19107,19123,1.27
19107,19147,0.87
19111,19149,1.76
19111,19152,1.83
19112,19145,2.31
19112,19146,3.36
19112,19148,2.38
19114,19136,1.98
19114,19152,2.54
19114,19154,2.13
19115,19116,2.13
19115,19152,2.07
19116,19154,2.88
19117,19126,1.41
19118,19119,1.97
19118,19150,1.69
19119,19128,2.17
19119,19138,1.57
19119,19144,1.61
19119,19150,1.49
19120,19124,2.02
19120,19126,1.79
19120,19141,1.27
19121,19122,1.5
19121,19130,0.92
19121,19132,1.01
19122,19123,0.87
19122,19125,1.04
19122,19133,1.02
19122,19134,1.99
19123,19130,1.19
19124,19137,1.47
19124,19149,1.8
19125,19133,1.24
19125,19134,1.17
19126,19138,1
19126,19141,1.45
19127,19128,0.88
19129,19132,1.42
19129,19140,2.14
19129,19144,1.66
19131,19139,1.61
19131,19151,1.47
19132,19133,1.51
19132,19140,1.7
19133,19134,1.49
19133,19140,1.35
19134,19137,2.22
19135,19136,1.88
19135,19137,1.98
19135,19149,1.14
19136,19152,1.74
19138,19141,1.53
19138,19150,1.31
19139,19143,1.13
19139,19151,1.69
19140,19141,1.7
19141,19144,1.49
19142,19143,1.57
19142,19153,1.29
19145,19146,1.05
19145,19147,1.61
19145,19148,1.15
19146,19148,1.58
19147,19148,1.08
19149,19152,1.92
19301,19312,1.86
19301,19333,3.17
19301,19355,2.68
19310,19330,5.49
19310,19365,2.7
19311,19348,4.3
19311,19350,3.67
19311,19374,0.76
19311,19390,3.65
19312,19333,1.33
19312,19355,4.53
19317,19319,4.2
19317,19342,5.1
19317,19348,5.95
19317,19373,4.07
19319,19342,2.57
19319,19373,1.3
19319,19382,2.78
19320,19335,6.07
19320,19365,5.49
19320,19372,3.48
19330,19346,6.04
19330,19390,5.65
19335,19341,4.5
19335,19343,5.49
19335,19372,2.6
19341,19380,4.97
19341,19425,3.52
19342,19373,1.41
19343,19344,5.98
19343,19372,5.85
19343,19520,5.05
19344,19520,7.24
19344,19543,5.04
19346,19352,1.05
19346,19363,5.68
19346,19374,5.35
19346,19390,2.89
19348,19374,4.84
19350,19374,3.83
19350,19390,4.88
19352,19363,5.29
19352,19390,3.86
19355,19380,4.94
19362,19363,3.91
19373,19382,4.08
19374,19390,2.91
19380,19382,2.82
19401,19403,3.14
19401,19405,1.56
19401,19406,3.03
19401,19462,2.92
19403,19405,3.64
19403,19406,3.35
19405,19406,1.84
19405,19428,2.6
19422,19436,3.32
19422,19462,3.56
19422,19477,2.92
19425,19460,6.27
19425,19475,6.57
19426,19453,4.54
19426,19468,4.32
19426,19473,4.03
19428,19444,2.28
19428,19462,2.24
19435,19492,2.75
19435,19525,3.36
19436,19454,1.04
19436,19477,1.25
19438,19473,4
19440,19446,2.76
19444,19462,1.62
19446,19454,2.52
19453,19460,1.58
19453,19468,4.22
19453,19475,4.6
19454,19477,2.27
19460,19468,4.57
19460,19475,4.1
19464,19475,5.88
19464,19518,5.63
19464,19525,4.92
19468,19475,2.35
19473,19492,2.73
19501,19540,4
19503,19504,1.47
19503,19505,2.48
19504,19505,2.67
19504,19512,5.57
19505,19512,3.63
19506,19541,6.11
19506,19551,6.92
19506,19567,6.79
19508,19518,5.09
19508,19602,6.8
19508,19606,5.07
19510,19522,3.65
19510,19555,5.39
19510,19560,3.03
19510,19605,4.58
19512,19518,6.03
19512,19525,3.93
19512,19547,6.73
19520,19543,5.98
19522,19530,5.5
19522,19547,4.95
19526,19534,7.43
19526,19541,5.04
19526,19549,3.07
19526,19555,3.94
19529,19534,3.97
19530,19534,5.33
19530,19539,4.97
19530,19562,4.18
19533,19541,4.46
19533,19560,4.8
19533,19605,3.72
19539,19562,0.79
19540,19607,3.26
19540,19608,4.42
19541,19555,2.98
19547,19606,6.52
19551,19565,3.03
19551,19567,3.51
19560,19604,3.61
19560,19605,1.76
19565,19608,3.62
19601,19602,1.38
19601,19604,1.13
19601,19605,2.9
19601,19606,3.82
19601,19610,2.35
19601,19611,1.56
19602,19604,1.41
19602,19606,2.71
19602,19607,2.78
19602,19611,1.37
19604,19605,2.79
19604,19606,3
19604,19611,2.37
19607,19610,2.63
19607,19611,1.8
19608,19609,1.7
19608,19610,2.83
19609,19610,1.13
19609,19611,2.69
19610,19611,1.79
